,0,1,2,3
0,4.1,Level 3,00:16:98:70:ba:33,2019-12-14 21:10:08.164 UTC
1,4.1,Level 3,28:16:7f:e0:45:f4,2019-12-27 18:51:20.347 UTC
2,4.1,Level 3,2c:59:8a:67:d7:d6,2019-12-07 22:13:11.822 UTC
3,4.1,Level 3,fc:64:3a:c7:8d:fe,2019-12-25 00:56:24.117 UTC
4,4.1,Level 3,38:71:de:bd:35:3f,2019-12-22 08:54:53.432 UTC
5,4.1,Level 3,b4:fb:e4:da:39:48,2019-12-10 19:17:02.501 UTC
6,4.1,Level 3,2c:59:8a:67:d7:d6,2019-12-07 22:13:11.826 UTC
7,4.1,Level 3,70:ef:00:bf:03:74,2019-12-15 12:04:04.823 UTC
8,4.1,Level 3,64:c7:53:48:95:ea,2019-12-06 15:53:58.158 UTC
9,4.1,Level 3,b4:fb:e4:da:39:48,2019-12-10 19:17:02.502 UTC
10,4.1,Level 3,64:c7:53:48:95:ea,2019-12-06 15:50:44.635 UTC
11,4.1,Level 3,00:16:98:70:ba:33,2019-12-14 21:10:08.165 UTC
12,4.1,Level 3,e0:ac:cb:82:39:ae,2019-12-09 08:02:09.132 UTC
13,4.1,Level 3,70:ef:00:bf:03:74,2019-12-15 12:04:04.858 UTC
14,4.1,Level 3,8a:9c:d4:c2:a4:78,2019-12-08 00:22:54.216 UTC
15,4.1,Level 3,58:d9:c3:cf:4f:2b,2019-12-01 10:23:53.427 UTC
16,4.1,Level 3,c0:d0:12:85:10:6e,2019-12-15 07:43:25.416 UTC
17,4.1,Level 3,c0:d0:12:85:10:6e,2019-12-15 07:43:25.415 UTC
18,4.1,Level 3,dc:bf:e9:cc:0c:69,2019-12-05 12:13:30.503 UTC
19,4.1,Level 3,7c:8b:b5:63:a9:91,2019-12-29 12:42:19.054 UTC
20,4.1,Level 3,34:c0:59:64:5f:bf,2019-12-07 08:05:28.18 UTC
21,4.1,Level 3,0c:d7:46:7a:7f:35,2019-12-16 17:44:51.466 UTC
22,4.1,Level 3,6c:4d:73:5f:5b:88,2019-12-20 12:19:14.851 UTC
23,4.1,Level 3,30:07:4d:3f:75:cf,2019-12-19 21:33:52.995 UTC
24,4.1,Level 3,30:07:4d:3f:75:cf,2019-12-19 21:33:52.994 UTC
25,4.1,Level 3,00:0a:f5:ba:c8:5c,2019-12-11 12:45:36.759 UTC
26,4.1,Level 3,dc:bf:e9:f2:f9:a5,2019-12-10 13:15:54.456 UTC
27,4.1,Level 3,7c:8b:b5:47:df:bf,2019-12-28 19:06:11.734 UTC
28,4.1,Level 3,24:18:1d:06:5f:d0,2019-12-21 03:20:06.269 UTC
29,4.1,Level 3,a8:34:6a:79:75:d0,2019-12-27 22:33:58.406 UTC
30,4.1,Level 3,88:e9:fe:e0:86:ed,2019-12-14 00:24:25.046 UTC
31,4.1,Level 3,70:ef:00:b1:5e:7e,2019-12-19 06:37:41.296 UTC
32,4.1,Level 3,78:67:d7:15:7e:d6,2019-12-25 19:24:43.382 UTC
33,4.1,Level 3,88:e9:fe:e0:86:ed,2019-12-14 00:24:25.047 UTC
34,4.1,Level 3,8c:f5:a3:a2:87:86,2019-12-08 02:54:40.133 UTC
35,4.1,Level 3,24:05:0f:5e:55:78,2019-12-20 06:45:48.365 UTC
36,4.1,Level 3,d4:dc:cd:91:2d:b3,2019-12-03 11:27:22.411 UTC
37,4.1,Level 3,d4:dc:cd:91:2d:b3,2019-12-03 11:27:22.407 UTC
38,4.1,Level 3,10:f1:f2:52:63:ca,2019-12-28 23:18:07.379 UTC
39,4.1,Level 3,30:4b:07:a3:57:13,2019-12-11 04:45:47.175 UTC
40,4.1,Level 3,ec:89:14:40:fc:d8,2019-12-18 21:52:51.855 UTC
41,4.1,Level 3,ec:9b:f3:1e:d5:83,2019-12-07 20:17:04.675 UTC
42,4.1,Level 3,ec:9b:f3:1e:d5:83,2019-12-07 20:17:04.656 UTC
43,4.1,Level 3,a8:9c:ed:b3:48:b0,2019-12-12 00:47:36.313 UTC
44,4.1,Level 3,d4:4d:a4:da:14:85,2019-12-15 13:59:52.262 UTC
45,4.1,Level 3,b8:27:eb:7f:a5:bc,2019-12-18 06:20:45.411 UTC
46,4.1,Level 3,b0:48:1a:9e:cd:02,2019-12-08 07:03:29.249 UTC
47,4.1,Level 3,f4:f5:24:3f:5d:3f,2019-12-16 21:27:24.487 UTC
48,4.1,Level 3,f4:f5:24:3f:5d:3f,2019-12-16 21:27:24.49 UTC
49,4.1,Level 3,cc:61:e5:b4:0f:6b,2019-12-15 19:53:28.854 UTC
50,4.1,Level 3,a4:50:46:3b:5e:71,2019-12-14 15:12:38.61 UTC
51,4.1,Level 3,a8:9c:ed:14:ac:c1,2019-12-21 01:12:43.196 UTC
52,4.1,Level 3,00:05:16:59:ad:2b,2019-12-10 23:34:40.227 UTC
53,4.1,Level 3,a8:9c:ed:14:ac:c1,2019-12-21 01:12:36.334 UTC
54,4.1,Level 3,48:c7:96:6a:ad:1d,2019-12-08 17:29:36.451 UTC
55,4.1,Level 3,ac:84:c6:0a:8f:cc,2019-12-17 02:30:18.122 UTC
56,4.1,Level 3,a8:9c:ed:d4:c6:7a,2019-12-09 08:23:16.364 UTC
57,4.1,Level 3,8c:b8:4a:54:44:91,2019-12-07 17:51:01.092 UTC
58,4.1,Level 3,dc:bf:e9:0b:0b:8c,2019-12-05 00:08:12.149 UTC
59,4.1,Level 3,f0:d7:aa:6c:88:b7,2019-12-20 14:40:09.072 UTC
60,4.1,Level 3,bc:54:36:70:d1:e8,2019-12-21 13:16:45.627 UTC
61,4.1,Level 3,04:d6:aa:38:d3:66,2019-12-18 16:19:57.056 UTC
62,4.1,Level 3,04:92:26:06:7f:2a,2019-12-22 16:51:58.453 UTC
63,4.1,Level 3,3c:f7:a4:87:e7:59,2019-12-18 21:52:00.554 UTC
64,4.1,Level 3,7c:8b:b5:bc:22:73,2019-12-04 11:49:24.519 UTC
65,4.1,Level 3,30:cb:f8:b2:ac:cc,2019-12-20 20:21:09.131 UTC
66,4.1,Level 3,68:7d:6b:00:0b:2f,2019-12-21 17:07:28.889 UTC
67,4.1,Level 3,60:83:73:07:e0:30,2019-12-05 23:50:06.413 UTC
68,4.1,Level 3,04:d6:aa:15:85:a1,2019-12-12 17:57:19.444 UTC
69,4.1,Level 3,48:4b:aa:dc:2d:57,2019-12-13 13:22:02.553 UTC
70,4.1,Level 3,48:4b:aa:dc:2d:57,2019-12-13 13:22:02.55 UTC
71,4.1,Level 3,b8:27:eb:d5:29:27,2019-12-10 12:15:52.153 UTC
72,4.1,Level 3,58:20:59:72:30:91,2019-12-02 23:54:14.245 UTC
73,4.1,Level 3,1c:e6:2b:c1:83:a8,2019-12-19 18:31:05.855 UTC
74,4.1,Level 3,1c:e6:2b:c1:83:a8,2019-12-19 18:31:05.854 UTC
75,4.1,Level 3,aa:d8:58:f4:a8:b5,2019-12-29 06:40:58.33 UTC
76,4.1,Level 3,8c:45:00:2a:9f:37,2019-12-03 20:24:31.452 UTC
77,4.1,Level 3,0c:cb:85:c1:1f:63,2019-12-19 08:36:51.559 UTC
78,4.1,Level 3,d8:08:31:06:ff:46,2019-12-28 02:36:53.484 UTC
79,4.1,Level 3,f4:06:16:8f:13:0e,2019-12-27 21:45:39.327 UTC
80,4.1,Level 3,44:18:fd:08:4b:e1,2019-12-13 20:13:48.336 UTC
81,4.1,Level 3,44:18:fd:08:4b:e1,2019-12-13 20:13:48.335 UTC
82,4.1,Level 3,38:9a:f6:cb:d2:99,2019-12-17 08:32:25.96 UTC
83,4.1,Level 3,30:cb:f8:66:22:23,2019-12-05 15:18:43.947 UTC
84,4.1,Level 3,38:9a:f6:cb:d2:99,2019-12-17 08:32:27.651 UTC
85,4.1,Level 3,fc:ee:e6:0e:42:e8,2019-12-16 14:15:38.323 UTC
86,4.1,Level 3,dc:ef:ca:77:7c:f1,2019-12-08 11:14:09.545 UTC
87,4.1,Level 3,dc:ef:ca:77:7c:f1,2019-12-08 11:14:09.546 UTC
88,4.1,Level 3,30:07:4d:9c:2f:ab,2019-12-07 17:39:21.288 UTC
89,4.1,Level 3,30:07:4d:9c:2f:ab,2019-12-07 17:39:21.287 UTC
90,4.1,Level 3,30:07:4d:2c:34:ed,2019-12-10 20:19:07.203 UTC
91,4.1,Level 3,c8:d0:83:0d:c4:9c,2019-12-29 07:59:24.938 UTC
92,4.1,Level 3,9a:68:9f:60:6d:9f,2019-12-14 14:09:24.782 UTC
93,4.1,Level 3,e8:b4:c8:28:88:48,2019-12-22 01:28:59.107 UTC
94,4.1,Level 3,a8:16:d0:e0:27:47,2019-12-15 22:48:31.705 UTC
95,4.1,Level 3,40:4e:36:b3:35:d2,2019-12-22 13:15:29.084 UTC
96,4.1,Level 3,e8:b4:c8:28:88:48,2019-12-22 01:28:59.108 UTC
97,4.1,Level 3,30:4b:07:1d:04:2b,2019-12-20 22:16:18.777 UTC
98,4.1,Level 3,64:c7:53:48:0b:84,2019-12-26 20:35:03.622 UTC
99,4.1,Level 3,a8:96:75:e5:f4:0c,2019-12-14 22:45:49.311 UTC
100,4.1,Level 3,04:92:26:b8:c4:14,2019-12-20 15:31:22.588 UTC
101,4.1,Level 3,ac:36:13:bd:de:2d,2019-12-08 11:04:37.98 UTC
102,4.1,Level 3,64:c7:53:48:0b:84,2019-12-26 20:35:03.621 UTC
103,4.1,Level 3,48:49:c7:c9:03:88,2019-12-26 22:51:49.156 UTC
104,4.1,Level 3,8c:f5:a3:c4:f0:82,2019-12-28 17:59:46.577 UTC
105,4.1,Level 3,e0:a3:ac:23:6e:e1,2019-12-12 17:50:23.45 UTC
106,4.1,Level 3,04:92:26:b8:c4:14,2019-12-20 15:31:22.587 UTC
107,4.1,Level 3,e8:e8:b7:4b:35:1e,2019-12-22 14:23:17.348 UTC
108,4.1,Level 3,30:4b:07:1d:04:2b,2019-12-20 22:16:16.665 UTC
109,4.1,Level 3,50:bc:96:ce:1b:b5,2019-12-30 16:11:49.059 UTC
110,4.1,Level 3,28:83:35:e0:a7:fd,2019-12-21 00:11:19.5 UTC
111,4.1,Level 3,60:f1:89:12:d8:53,2019-12-10 12:11:10.862 UTC
112,4.1,Level 3,28:83:35:e0:a7:fd,2019-12-21 00:11:19.499 UTC
113,4.1,Level 3,08:8c:2c:22:0e:05,2019-12-16 11:11:02.095 UTC
114,4.1,Level 3,0c:cb:85:92:13:fa,2019-12-06 06:36:25.47 UTC
115,4.1,Level 3,6c:c7:ec:74:a6:ce,2019-12-25 00:20:53.453 UTC
116,4.1,Level 3,d4:63:c6:ba:35:43,2019-12-08 16:48:52.181 UTC
117,4.1,Level 3,88:29:9c:c1:21:1b,2019-12-02 20:25:17.632 UTC
118,4.1,Level 3,c4:84:66:f3:85:f9,2019-12-10 01:01:26.141 UTC
119,4.1,Level 3,88:29:9c:c1:21:1b,2019-12-02 20:25:17.633 UTC
120,4.1,Level 3,a4:f1:e8:27:de:5c,2019-12-12 17:05:28.264 UTC
121,4.1,Level 3,a8:96:75:0c:63:20,2019-12-18 14:46:01.89 UTC
122,4.1,Level 3,70:3c:69:52:bf:61,2019-12-29 17:54:12.771 UTC
123,4.1,Level 3,b0:70:2d:90:d4:2f,2019-12-28 11:00:30.543 UTC
124,4.1,Level 3,40:83:1d:5c:08:f3,2019-12-23 01:20:19.959 UTC
125,4.1,Level 3,24:31:54:05:e1:bb,2019-12-20 06:41:17.351 UTC
126,4.1,Level 3,40:83:1d:5c:08:f3,2019-12-23 01:20:19.974 UTC
127,4.1,Level 3,44:91:60:41:2d:8b,2019-12-15 07:13:44.694 UTC
128,4.1,Level 3,04:d6:aa:d9:31:1b,2019-12-10 12:51:39.204 UTC
129,4.1,Level 3,5c:1d:d9:b0:07:2a,2019-12-01 09:52:55.137 UTC
130,4.1,Level 3,44:91:60:41:2d:8b,2019-12-15 07:13:44.695 UTC
131,4.1,Level 3,bc:98:df:a8:eb:7b,2019-12-13 11:03:09.541 UTC
132,4.1,Level 3,bc:98:df:a8:eb:7b,2019-12-13 11:03:09.545 UTC
133,4.1,Level 3,d4:4d:a4:13:dd:21,2019-12-13 00:34:29.555 UTC
134,4.1,Level 3,a4:5e:60:1c:59:96,2019-12-25 07:26:10.325 UTC
135,4.1,Level 3,dc:bf:e9:3b:cd:f3,2019-12-04 15:02:41.185 UTC
136,4.1,Level 3,a8:db:03:95:55:81,2019-12-23 03:39:17.268 UTC
137,4.1,Level 3,a8:db:03:95:55:81,2019-12-23 03:39:17.267 UTC
138,4.1,Level 3,98:b8:e3:ad:7a:91,2019-12-03 13:41:10.985 UTC
139,4.1,Level 3,74:9e:af:4a:86:0e,2019-12-21 21:57:15.453 UTC
140,4.1,Level 3,9c:e3:3f:30:00:fc,2019-12-14 23:30:23.118 UTC
141,4.1,Level 3,b0:df:3a:04:f1:c3,2019-12-13 15:40:03.554 UTC
142,4.1,Level 3,b0:df:3a:04:f1:c3,2019-12-13 15:38:14.382 UTC
143,4.1,Level 3,44:91:60:61:83:da,2019-12-08 09:28:37.145 UTC
144,4.1,Level 3,f8:2d:7c:57:16:05,2019-12-22 16:37:17.7 UTC
145,4.1,Level 3,60:1d:91:eb:dd:a5,2019-12-18 07:54:08.209 UTC
146,4.1,Level 3,60:1d:91:eb:dd:a5,2019-12-18 07:54:08.21 UTC
147,4.1,Level 3,e8:e8:b7:7e:d5:76,2019-12-11 20:17:15.186 UTC
148,4.1,Level 3,dc:0c:5c:b2:b1:ae,2019-12-20 22:42:02.388 UTC
149,4.1,Level 3,dc:0c:5c:b2:b1:ae,2019-12-20 22:42:02.389 UTC
150,4.1,Level 3,48:49:c7:01:fb:50,2019-12-16 23:03:21.002 UTC
151,4.1,Level 3,e8:e8:b7:7e:d5:76,2019-12-11 20:17:15.174 UTC
152,4.1,Level 3,60:ab:67:86:66:02,2019-12-07 20:09:21.342 UTC
153,4.1,Level 3,e4:7d:bd:d0:0f:97,2019-12-10 23:20:42.271 UTC
154,4.1,Level 3,60:30:d4:e6:c7:b3,2019-12-07 20:42:42.9 UTC
155,4.1,Level 3,b4:c4:fc:4f:a3:c7,2019-12-01 16:02:10.269 UTC
156,4.1,Level 3,1a:ef:9b:65:9d:11,2019-12-28 23:13:04.336 UTC
157,4.1,Level 3,4c:66:41:c1:03:76,2019-12-19 20:36:24.633 UTC
158,4.1,Level 3,a8:34:6a:51:f7:7a,2019-12-24 22:38:42.303 UTC
159,4.1,Level 3,1a:ef:9b:65:9d:11,2019-12-28 23:13:04.337 UTC
160,4.1,Level 3,b8:94:36:2d:1d:f2,2019-12-09 22:00:33.607 UTC
161,4.1,Level 3,88:b4:a6:ad:70:f4,2019-12-09 11:15:02.269 UTC
162,4.1,Level 3,7c:a1:ae:f2:94:f4,2019-12-18 13:55:26.358 UTC
163,4.1,Level 3,50:92:b9:8c:44:22,2019-12-05 10:44:47.656 UTC
164,4.1,Level 3,a8:96:75:47:7a:fe,2019-12-14 20:16:20.627 UTC
165,4.1,Level 3,a8:96:75:47:7a:fe,2019-12-14 20:16:20.628 UTC
166,4.1,Level 3,58:d9:c3:86:c5:06,2019-12-22 00:10:16.345 UTC
167,4.1,Level 3,6c:c7:ec:a7:32:b3,2019-12-06 20:20:38.855 UTC
168,4.1,Level 3,6c:c7:ec:a7:32:b3,2019-12-06 20:20:38.798 UTC
169,4.1,Level 3,88:44:77:56:44:5c,2019-12-15 13:24:48.896 UTC
170,4.1,Level 3,44:91:60:e6:a2:45,2019-12-20 20:27:56.543 UTC
171,4.1,Level 3,8c:45:00:7e:99:b1,2019-12-15 21:35:45.064 UTC
172,4.1,Level 3,8c:45:00:7e:99:b1,2019-12-15 21:35:45.065 UTC
173,4.1,Level 3,48:2c:a0:a3:00:2d,2019-12-13 08:10:27.49 UTC
174,4.1,Level 3,bc:a5:8b:c3:22:be,2019-12-15 13:04:30.104 UTC
175,4.1,Level 3,48:2c:a0:a3:00:2d,2019-12-13 08:10:27.491 UTC
176,4.1,Level 3,a8:9c:ed:57:ce:e3,2019-12-18 11:38:50.346 UTC
177,4.1,Level 3,04:d6:aa:8d:ce:52,2019-12-02 20:05:42.128 UTC
178,4.1,Level 3,a8:9c:ed:57:ce:e3,2019-12-18 11:38:50.343 UTC
179,4.1,Level 3,f0:d7:aa:ea:52:55,2019-12-12 13:59:27.184 UTC
180,4.1,Level 3,84:89:ad:bf:64:e1,2019-12-12 22:56:22.388 UTC
181,4.1,Level 3,f8:e9:4e:93:ae:09,2019-12-23 10:34:09.405 UTC
182,4.1,Level 3,f8:e9:4e:93:ae:09,2019-12-23 10:34:09.406 UTC
183,4.1,Level 3,a4:50:46:51:08:39,2019-12-09 16:33:54.318 UTC
184,4.1,Level 3,98:39:8e:cc:64:05,2019-12-27 19:48:17.123 UTC
185,4.1,Level 3,24:05:0f:5e:a3:34,2019-12-27 01:45:19.185 UTC
186,4.1,Level 3,a0:c9:a0:f9:58:cf,2019-12-03 21:31:46.418 UTC
187,4.1,Level 3,70:fd:46:c1:6c:8e,2019-12-20 15:04:14.579 UTC
188,4.1,Level 3,7c:03:5e:b0:a3:78,2019-12-23 20:04:06.127 UTC
189,4.1,Level 3,a8:96:75:42:b8:77,2019-12-29 00:39:13.186 UTC
190,4.1,Level 3,88:66:a5:65:bb:bd,2019-12-10 11:53:05.891 UTC
191,4.1,Level 3,70:fd:46:c1:6c:8e,2019-12-20 15:04:14.722 UTC
192,4.1,Level 3,bc:98:df:ef:d5:80,2019-12-05 14:30:38.428 UTC
193,4.1,Level 3,20:32:6c:20:f7:9d,2019-12-06 14:08:55.199 UTC
194,4.1,Level 3,38:30:f9:6d:59:2b,2019-12-18 22:33:47.943 UTC
195,4.1,Level 3,18:65:90:01:1b:cf,2019-12-28 15:04:02.552 UTC
196,4.1,Level 3,44:91:60:40:c7:61,2019-12-25 17:03:05.968 UTC
197,4.1,Level 3,68:7d:6b:4d:6c:d3,2019-12-29 05:38:39.25 UTC
198,4.1,Level 3,b8:53:ac:bf:75:ad,2019-12-18 14:43:49.787 UTC
199,4.1,Level 3,44:91:60:7b:46:5d,2019-12-06 15:22:03.367 UTC
200,4.1,Level 3,74:b5:87:40:e5:ce,2019-12-05 00:06:13.443 UTC
201,4.1,Level 3,30:07:4d:96:ea:21,2019-12-01 06:57:33.354 UTC
202,4.1,Level 3,d0:77:14:a0:9f:a6,2019-12-12 18:02:12.47 UTC
203,4.1,Level 3,38:80:df:07:f8:88,2019-12-27 20:42:12.064 UTC
204,4.1,Level 3,04:d4:c4:a1:0e:14,2019-12-04 05:41:53.206 UTC
205,4.1,Level 3,d0:04:01:8f:e2:99,2019-12-05 18:43:23.45 UTC
206,4.1,Level 3,b8:27:eb:7f:a5:bc,2019-12-19 09:49:29.39 UTC
207,4.1,Level 3,24:18:1d:07:54:df,2019-12-29 19:19:55.047 UTC
208,4.1,Level 3,38:ca:da:da:16:59,2019-12-12 23:16:42.062 UTC
209,4.1,Level 3,24:18:1d:90:11:ce,2019-12-17 08:02:12.413 UTC
210,4.1,Level 3,5c:03:39:06:e5:7c,2019-12-07 09:47:26.915 UTC
211,4.1,Level 3,fc:64:3a:56:b6:5c,2019-12-21 07:08:25.289 UTC
212,4.1,Level 3,24:05:0f:5e:55:78,2019-12-20 23:45:15.866 UTC
213,4.1,Level 3,fc:64:3a:2e:0e:14,2019-12-13 07:51:04.433 UTC
214,4.1,Level 3,fc:64:3a:56:b6:5c,2019-12-21 07:08:25.288 UTC
215,4.1,Level 3,f8:38:80:22:96:16,2019-12-29 13:17:37.156 UTC
216,4.1,Level 3,5c:af:06:23:40:0c,2019-12-17 08:41:57.721 UTC
217,4.1,Level 3,f8:ff:c2:d5:d6:8c,2019-12-14 09:59:20.506 UTC
218,4.1,Level 3,a8:9c:ed:e4:23:9a,2019-12-10 10:49:25.495 UTC
219,4.1,Level 3,dc:bf:e9:42:4c:11,2019-12-23 09:13:09.845 UTC
220,4.1,Level 3,dc:a9:04:b5:41:55,2019-12-30 20:05:31.093 UTC
221,4.1,Level 3,b8:53:ac:a6:21:68,2019-12-19 16:05:18.972 UTC
222,4.1,Level 3,64:b0:a6:dd:9e:65,2019-12-06 22:10:14.108 UTC
223,4.1,Level 3,f4:f5:24:28:5a:d8,2019-12-14 18:19:38.246 UTC
224,4.1,Level 3,e4:e4:ab:4a:5d:de,2019-12-11 15:27:41.054 UTC
225,4.1,Level 3,00:9d:6b:e2:f5:2d,2019-12-06 11:14:09.646 UTC
226,4.1,Level 3,08:c5:e1:5c:55:f3,2019-12-08 15:41:24.205 UTC
227,4.1,Level 3,0c:cb:85:e1:fe:92,2019-12-23 13:35:41.007 UTC
228,4.1,Level 3,70:fd:46:8c:2e:86,2019-12-24 20:59:16.58 UTC
229,4.1,Level 3,2c:ae:2b:13:b7:1f,2019-12-03 21:54:35.117 UTC
230,4.1,Level 3,38:9a:f6:71:ae:81,2019-12-23 19:51:59.688 UTC
231,4.1,Level 3,64:89:f1:43:45:8f,2019-12-16 10:27:27.754 UTC
232,4.1,Level 3,98:ca:33:a0:07:fe,2019-12-15 12:08:23.946 UTC
233,4.1,Level 3,20:32:6c:73:f4:50,2019-12-14 18:32:12.534 UTC
234,4.1,Level 3,20:32:6c:73:f4:50,2019-12-14 18:32:08.484 UTC
235,4.1,Level 3,e0:dc:ff:05:ab:3d,2019-12-17 06:16:51.264 UTC
236,4.1,Level 3,98:ca:33:a0:07:fe,2019-12-15 12:08:26.805 UTC
237,4.1,Level 3,e0:dc:ff:05:ab:3d,2019-12-17 06:16:51.263 UTC
238,4.1,Level 3,ca:c0:50:a2:de:7c,2019-12-27 23:59:47.397 UTC
239,4.1,Level 3,70:fd:46:0e:cc:1c,2019-12-05 22:16:21.269 UTC
240,4.1,Level 3,fc:ee:e6:0e:42:e8,2019-12-04 14:38:12.224 UTC
241,4.1,Level 3,44:91:60:a4:c9:42,2019-12-28 21:19:37.666 UTC
242,4.1,Level 3,24:18:1d:e0:29:7c,2019-12-18 09:44:41.79 UTC
243,4.1,Level 3,38:80:df:ae:77:77,2019-12-10 14:16:54.674 UTC
244,4.1,Level 3,bc:ff:eb:31:ff:05,2019-12-09 21:27:02.759 UTC
245,4.1,Level 3,38:ba:f8:4a:fe:b1,2019-12-10 15:43:24.659 UTC
246,4.1,Level 3,bc:ff:eb:31:ff:05,2019-12-09 21:30:12.953 UTC
247,4.1,Level 3,24:18:1d:e0:29:7c,2019-12-18 09:44:41.789 UTC
248,4.1,Level 3,38:ba:f8:4a:fe:b1,2019-12-10 15:43:24.662 UTC
249,4.1,Level 3,88:36:5f:eb:99:9b,2019-12-28 09:48:36.364 UTC
250,4.1,Level 3,fc:64:3a:92:0b:d0,2019-12-18 20:58:22.47 UTC
251,4.1,Level 3,a8:db:03:21:1a:bc,2019-12-23 11:36:15.655 UTC
252,4.1,Level 3,dc:bf:e9:42:f9:7e,2019-12-19 07:57:47.897 UTC
253,4.1,Level 3,fc:64:3a:92:0b:d0,2019-12-18 20:58:27.301 UTC
254,4.1,Level 3,0c:cb:85:93:d3:21,2019-12-25 21:35:36.038 UTC
255,4.1,Level 3,3c:2e:ff:b8:49:8f,2019-12-09 14:56:26.112 UTC
256,4.1,Level 3,28:83:35:fe:1c:55,2019-12-14 22:21:49.185 UTC
257,4.1,Level 3,d0:33:11:6d:e3:3d,2019-12-12 21:51:39.231 UTC
258,4.1,Level 3,7c:9a:1d:71:3b:9e,2019-12-29 15:48:37.028 UTC
259,4.1,Level 3,50:92:b9:e8:8f:12,2019-12-28 18:04:30.369 UTC
260,4.1,Level 3,d4:61:da:42:01:48,2019-12-18 14:51:31.103 UTC
261,4.1,Level 3,f0:98:9d:10:86:03,2019-12-30 17:04:09.194 UTC
262,4.1,Level 3,f0:98:9d:10:86:03,2019-12-30 17:04:09.195 UTC
263,4.1,Level 3,fa:9b:3b:e6:92:07,2019-12-19 19:35:38.168 UTC
264,4.1,Level 3,64:a2:f9:30:bd:e4,2019-12-03 19:04:02.036 UTC
265,4.1,Level 3,a8:db:03:6a:f4:ad,2019-12-06 19:31:15.331 UTC
266,4.1,Level 3,64:c7:53:47:c7:ed,2019-12-19 08:14:08.328 UTC
267,4.1,Level 3,a8:db:03:22:43:eb,2019-12-16 19:57:02.519 UTC
268,4.1,Level 3,a8:db:03:22:43:eb,2019-12-16 19:57:02.52 UTC
269,4.1,Level 3,dc:08:0f:48:6c:f5,2019-12-27 06:40:41.436 UTC
270,4.1,Level 3,0c:cb:85:c3:7e:83,2019-12-01 00:28:43.372 UTC
271,4.1,Level 3,90:63:3b:d0:14:4d,2019-12-18 10:12:51.533 UTC
272,4.1,Level 3,10:07:b6:21:55:c6,2019-12-26 15:47:46.227 UTC
273,4.1,Level 3,44:91:60:6c:53:36,2019-12-05 22:15:33.32 UTC
274,4.1,Level 3,30:07:4d:81:4e:3b,2019-12-26 13:17:16.866 UTC
275,4.1,Level 3,10:1c:0c:57:92:83,2019-12-28 23:13:50.17 UTC
276,4.1,Level 3,b4:f0:ab:d5:66:22,2019-12-02 18:39:07.679 UTC
277,4.1,Level 3,b8:7b:c5:a5:af:ae,2019-12-30 12:21:36.409 UTC
278,4.1,Level 3,04:b4:29:51:45:39,2019-12-18 13:52:58.78 UTC
279,4.1,Level 3,c4:98:80:ef:27:0f,2019-12-25 06:22:45.27 UTC
280,4.1,Level 3,04:b4:29:51:45:39,2019-12-18 13:52:58.781 UTC
281,4.1,Level 3,4c:66:41:06:a0:6c,2019-12-13 14:08:36.414 UTC
282,4.1,Level 3,f0:d7:aa:6c:9f:ab,2019-12-15 21:40:29.837 UTC
283,4.1,Level 3,f0:d7:aa:68:c8:45,2019-12-30 14:27:07.168 UTC
284,4.1,Level 3,00:9d:6b:14:c9:0a,2019-12-28 22:00:04.362 UTC
285,4.1,Level 3,08:a6:bc:cd:5d:02,2019-12-18 15:31:30.909 UTC
286,4.1,Level 3,00:9d:6b:14:c9:0a,2019-12-28 22:00:04.367 UTC
287,4.1,Level 3,0c:cb:85:85:40:59,2019-12-16 17:21:27.743 UTC
288,4.1,Level 3,f8:e9:4e:df:44:74,2019-12-10 17:14:00.889 UTC
289,4.1,Level 3,f8:e9:4e:df:44:74,2019-12-10 17:14:00.939 UTC
290,4.1,Level 3,90:78:b2:0e:06:a4,2019-12-18 09:49:20.355 UTC
291,4.1,Level 3,0c:cb:85:85:40:59,2019-12-16 17:21:34.82 UTC
292,4.1,Level 3,38:9a:f6:7c:92:93,2019-12-05 12:17:26.642 UTC
293,4.1,Level 3,70:fd:46:c8:72:40,2019-12-09 15:40:48.84 UTC
294,4.1,Level 3,48:49:c7:a3:0e:80,2019-12-28 04:27:05.152 UTC
295,4.1,Level 3,48:49:c7:a3:0e:80,2019-12-28 04:27:05.153 UTC
296,4.1,Level 3,00:5b:94:20:d6:ee,2019-12-30 19:46:01.927 UTC
297,4.1,Level 3,7c:8b:b5:1f:0b:4f,2019-12-29 08:01:19.877 UTC
298,4.1,Level 3,20:32:6c:08:16:7c,2019-12-11 21:01:51.334 UTC
299,4.1,Level 3,48:51:69:00:2d:d8,2019-12-29 19:49:44.603 UTC
300,4.1,Level 3,d0:77:14:31:d7:11,2019-12-07 19:37:17.174 UTC
301,4.1,Level 3,88:b4:a6:8e:22:ae,2019-12-17 15:08:21.897 UTC
302,4.1,Level 3,8c:f1:12:ea:37:17,2019-12-27 20:10:03.113 UTC
303,4.1,Level 3,54:2b:8d:6b:17:da,2019-12-09 22:16:54.616 UTC
304,4.1,Level 3,b4:f1:da:ff:d9:c7,2019-12-16 10:51:49.943 UTC
305,4.1,Level 3,38:9a:f6:fa:4d:b1,2019-12-06 11:28:13.811 UTC
306,4.1,Level 3,38:9a:f6:fa:4d:b1,2019-12-06 11:28:13.794 UTC
307,4.1,Level 3,d0:c5:f3:8c:ea:be,2019-12-10 07:52:51.362 UTC
308,4.1,Level 3,2c:0e:3d:89:e3:43,2019-12-12 11:25:48.214 UTC
309,4.1,Level 3,38:80:df:e1:81:bc,2019-12-20 10:53:25.574 UTC
310,4.1,Level 3,f4:06:16:e6:07:d5,2019-12-14 13:38:36.855 UTC
311,4.1,Level 3,4c:66:41:65:5e:34,2019-12-22 10:08:17.444 UTC
312,4.1,Level 3,50:a6:7f:4a:d7:15,2019-12-03 19:12:52.509 UTC
313,4.1,Level 3,08:e6:89:1f:75:7f,2019-12-17 10:51:13.752 UTC
314,4.1,Level 3,40:b0:76:1f:6f:41,2019-12-07 16:40:09.554 UTC
315,4.1,Level 3,c8:3d:dc:87:ce:8a,2019-12-03 22:39:53.97 UTC
316,4.1,Level 3,a4:6c:f1:66:1d:de,2019-12-19 20:58:01.532 UTC
317,4.1,Level 3,a4:6c:f1:66:1d:de,2019-12-19 20:58:01.529 UTC
318,4.1,Level 3,40:b0:76:1f:6f:41,2019-12-07 16:40:09.553 UTC
319,4.1,Level 3,cc:61:e5:78:a8:95,2019-12-13 18:29:47.081 UTC
320,4.1,Level 3,5c:70:a3:9d:b6:a5,2019-12-16 07:29:00.153 UTC
321,4.1,Level 3,44:91:60:40:0f:df,2019-12-10 21:35:24.89 UTC
322,4.1,Level 3,da:a1:19:01:85:98,2019-12-14 06:04:46.141 UTC
323,4.1,Level 3,bc:a5:8b:c8:fe:f4,2019-12-29 14:25:31.336 UTC
324,4.1,Level 3,cc:61:e5:78:a8:95,2019-12-13 18:29:55.667 UTC
325,4.1,Level 3,bc:41:01:7a:8e:45,2019-12-04 17:04:25.371 UTC
326,4.1,Level 3,bc:41:01:7a:8e:45,2019-12-04 17:04:27.338 UTC
327,4.1,Level 3,6c:e8:5c:e5:ed:fd,2019-12-21 17:29:36.497 UTC
328,4.1,Level 3,dc:bf:e9:eb:21:95,2019-12-17 07:12:37.901 UTC
329,4.1,Level 3,44:91:60:46:4e:ab,2019-12-11 20:27:45.565 UTC
330,4.1,Level 3,7c:a1:ae:03:79:8c,2019-12-21 11:20:37.832 UTC
331,4.1,Level 3,e8:e8:b7:71:2c:42,2019-12-11 21:05:51.607 UTC
